<?xml version="1.0" encoding="UTF-8"?>
<metadata><idinfo><citation><citeinfo><origin>Philadelphia City Planning Commission</origin><pubdate>201208</pubdate><title>Philadelphia Zoning Base Districts 201208</title><geoform>vector digital data</geoform><onlink>Philadelphia City Planning Commission</onlink></citeinfo></citation><descript><abstract>Polygon boundaries of Zoning Base Districts based on existing City zoning districts with revised codes applied per enactment of the new Zoning Code of December 2011, made effective August 22, 2012. District boundaries unchanged from previous zoning with the exception of certain CMX2 / CMX2.5 splits.CODE – Zoning codeZONING GROUP – groups of codes identified by common descriptions (e.g., residential, commercial, industrial)DATA DEVELOPMENT:Features produced in ArcGIS Desktop using PA South Stateplane coordinates, NAD83, US Foot.</abstract><purpose>Boundaries of the City of Philadelphia Zoning Base Districts enacted December 15, 2011 and made effective August 22, 2012.

Data last updated June 18, 2012.
Metadata updated July 19, 2012.
</purpose></descript><timeperd><timeinfo><sngdate><caldate>201208</caldate></sngdate></timeinfo><current>publication date</current></timeperd><status><progress>In work</progress><update>As needed</update></status><spdom><bounding><westbc>-75.283955</westbc><eastbc>-74.954103</eastbc><northbc>40.143719</northbc><southbc>39.865001</southbc></bounding></spdom><keywords><theme><themekey>zoning</themekey><themekey>residential</themekey><themekey>commercial</themekey><themekey>office commercial</themekey><themekey>neighborhood shopping</themekey><themekey>neighborhood shopping center district</themekey><themekey>area shopping</themekey><themekey>area shopping center district</themekey><themekey>limited industrial</themekey><themekey>general industrial</themekey><themekey>least restricted industrial</themekey><themekey>port industrial</themekey><themekey>food distribution center district</themekey><themekey>sports stadium</themekey><themekey>institutional development district</themekey><themekey>trailer park district</themekey><themekey>trailer park district</themekey><themekey>water features</themekey><themekt>ISO 19115 Topic Categories</themekt><themekey>shopping centers</themekey><themekey>base districts</themekey><themekey>PCPC</themekey><themekey>planning</themekey></theme><place><placekey>City of Philadelphia</placekey><placekey>Philadelphia</placekey></place></keywords><native>Microsoft Windows XP Version 5.1 (Build 2600) Service Pack 3; ESRI ArcCatalog 9.3.1.3500</native><ptcontac><cntinfo><cntperp><cntper>Darshna Patel</cntper><cntorg>Philadelphia City Planning Commission</cntorg></cntperp><cntpos>GIS Manager</cntpos><cntvoice>(215) 683-4611</cntvoice><cntemail>Darshna.Patel@phila.gov</cntemail><cntfax>(215) 683-4630 </cntfax></cntinfo></ptcontac><datacred>Philadelphia City Planning Commission 1515 Arch Street, 13 Fl Philadelphia, PA 19102-1583 215-683-4615</datacred></idinfo><dataqual><lineage><procstep><procdesc>Dataset copied.</procdesc><srcused>\\DES-P1\C$\Projects\projects\Philly\QC04182008\Area2_20080418\Area2_20080418\Philadelphia_Area2.mdb</srcused></procstep><procstep><procdesc>Metadata imported.</procdesc><srcused>C:\DOCUME~1\ADMINI~1.DES\LOCALS~1\Temp\xml120B.tmp</srcused><date>20080520</date><time>10581200</time></procstep><procstep><procdesc>Metadata imported.</procdesc><srcused>I:\Projects\J08002-Ph\Metadata\Basic\Zoning_Poly.xml</srcused><date>20080915</date><time>12015500</time></procstep></lineage></dataqual><spdoinfo><direct>Vector</direct><ptvctinf><esriterm><efeatyp Sync="TRUE">Simple</efeatyp><efeageom code="4" Sync="TRUE"></efeageom><esritopo Sync="TRUE">FALSE</esritopo><efeacnt Sync="TRUE">29403</efeacnt><spindex Sync="TRUE">TRUE</spindex><linrefer Sync="TRUE">FALSE</linrefer></esriterm></ptvctinf></spdoinfo><spref><horizsys><geodetic><horizdn>North American Datum of 1983</horizdn><ellips>Geodetic Reference System 80</ellips><semiaxis>6378137.000000</semiaxis><denflat>298.257222</denflat></geodetic></horizsys><vertdef><altsys><altres>0.000100</altres><altenc>Explicit elevation coordinate included with horizontal coordinates</altenc></altsys></vertdef></spref><eainfo><detailed Name="Zoning_BaseDistricts"><enttyp><enttypl>GIS_PLANNING.Zoning_BaseDistricts</enttypl><enttypt Sync="TRUE">Feature Class</enttypt><enttypc Sync="TRUE">29403</enttypc></enttyp><attr><attrlabl Sync="TRUE">FID</attrlabl><attalias Sync="TRUE">FID</attalias><attrtype Sync="TRUE">OID</attrtype><attwidth Sync="TRUE">4</attwidth><atprecis Sync="TRUE">0</atprecis><attscale Sync="TRUE">0</attscale><attrdef Sync="TRUE">Internal feature number.</attrdef><attrdefs Sync="TRUE">ESRI</attrdefs><attrdomv><udom Sync="TRUE">Sequential unique whole numbers that are automatically generated.</udom></attrdomv></attr><attr><attrlabl>CODE</attrlabl><attalias Sync="TRUE">CODE</attalias><attrtype Sync="TRUE">String</attrtype><attwidth Sync="TRUE">8</attwidth><atprecis Sync="TRUE">0</atprecis><attscale Sync="TRUE">0</attscale></attr><attr><attrlabl>OBJECTID</attrlabl><attrdef>Internal feature number.</attrdef><attrdefs>ESRI</attrdefs><attrdomv><udom>Sequential unique whole numbers that are automatically generated.</udom></attrdomv><attalias Sync="TRUE">OBJECTID</attalias><attrtype Sync="TRUE">Double</attrtype><attwidth Sync="TRUE">10</attwidth><atprecis Sync="TRUE">10</atprecis><attscale Sync="TRUE">0</attscale></attr><attr><attrlabl>Shape</attrlabl><attrdef>Feature geometry.</attrdef><attrdefs>ESRI</attrdefs><attrdomv><udom>Coordinates defining the features.</udom></attrdomv><attalias Sync="TRUE">Shape</attalias><attrtype Sync="TRUE">Geometry</attrtype><attwidth Sync="TRUE">0</attwidth><atprecis Sync="TRUE">0</atprecis><attscale Sync="TRUE">0</attscale></attr><attr><attrlabl>LONG_CODE</attrlabl><attalias Sync="TRUE">LONG_CODE</attalias><attrtype Sync="TRUE">String</attrtype><attwidth Sync="TRUE">10</attwidth><atprecis Sync="TRUE">0</atprecis><attscale Sync="TRUE">0</attscale></attr><attr><attrlabl>CITYCOR</attrlabl><attalias Sync="TRUE">CITYCOR</attalias><attrtype Sync="TRUE">Integer</attrtype><attwidth Sync="TRUE">5</attwidth><atprecis Sync="TRUE">5</atprecis><attscale Sync="TRUE">0</attscale></attr><attr><attrlabl Sync="TRUE">ZONINGGROU</attrlabl><attalias Sync="TRUE">ZONINGGROU</attalias><attrtype Sync="TRUE">String</attrtype><attwidth Sync="TRUE">50</attwidth><atprecis Sync="TRUE">0</atprecis><attscale Sync="TRUE">0</attscale></attr><attr><attrlabl Sync="TRUE">SHAPE_AREA</attrlabl><attalias Sync="TRUE">SHAPE_AREA</attalias><attrtype Sync="TRUE">Double</attrtype><attwidth Sync="TRUE">19</attwidth><atprecis Sync="TRUE">0</atprecis><attscale Sync="TRUE">0</attscale><attrdef Sync="TRUE">Area of feature in internal units squared.</attrdef><attrdefs Sync="TRUE">ESRI</attrdefs><attrdomv><udom Sync="TRUE">Positive real numbers that are automatically generated.</udom></attrdomv></attr><attr><attrlabl Sync="TRUE">SHAPE_LEN</attrlabl><attalias Sync="TRUE">SHAPE_LEN</attalias><attrtype Sync="TRUE">Double</attrtype><attwidth Sync="TRUE">19</attwidth><atprecis Sync="TRUE">0</atprecis><attscale Sync="TRUE">0</attscale></attr></detailed></eainfo><distinfo><resdesc>Downloadable Data</resdesc><distrib><cntinfo><cntorgp><cntorg>Pennsylvania Spatial Data Access (PASDA) </cntorg></cntorgp><cntaddr><addrtype>mailing address</addrtype><address>115 Land and Water Building</address><city>University Park</city><state>Pennsylvania</state><postal>16802</postal><country>United States</country></cntaddr><cntvoice>(814) 865 8792</cntvoice><cntemail>pasda@psu.edu </cntemail></cntinfo></distrib><distliab>The USER shall indemnify, save harmless, and, if requested, defend those parties involved with the development and distribution of this data, their officers, agents, and employees from and against any suits, claims, or actions for injury, death, or property damage arising out of the use of or any defect in the FILES or any accompanying documentation. Those parties involved with the development and distribution excluded any and all implied warranties, including warranties or merchantability and fitness for a particular purpose and makes no warranty or representation, either express or implied, with respect to the FILES or accompanying documentation, including its quality, performance, merchantability, or fitness for a particular purpose. The FILES and documentation are provided "as is" and the USER assumes the entire risk as to its quality and performance. Those parties involved with the development and distribution of this data will not be liable for any direct, indirect, special, incidental, or consequential damages arising out of the use or inability to use the FILES or any accompanying documentation.</distliab></distinfo><metainfo><metd>201209</metd><metc><cntinfo><cntvoice>(215) 683-4611 </cntvoice><cntpos>GIS Manager</cntpos><cntperp><cntper>Darshna Patel</cntper><cntorg>Philadelphia City Planning Commission</cntorg></cntperp><cntfax>(215) 683-4630</cntfax><cntemail>Darshna.Patel@phila.gov</cntemail></cntinfo></metc><metstdn>FGDC Content Standards for Digital Geospatial Metadata</metstdn><metstdv>FGDC-STD-001-1998</metstdv><mettc>local time</mettc></metainfo><dataIdInfo><envirDesc>Microsoft Windows XP Version 5.1 (Build 2600) Service Pack 3; ESRI ArcGIS 10.0.4.4000</envirDesc><dataLang><languageCode value="en"/><countryCode value="US"/></dataLang><idCitation><resTitle>GIS_PLANNING.Zoning_BaseDistricts</resTitle><presForm><PresFormCd value="005"/></presForm></idCitation><spatRpType><SpatRepTypCd value="001"/></spatRpType><dataExt><geoEle><GeoBndBox esriExtentType="native"><westBL>2660596.805037</westBL><eastBL>2750095.750054</eastBL><northBL>304914.374019</northBL><southBL>206003.800187</southBL><exTypeCode>1</exTypeCode></GeoBndBox></geoEle></dataExt><geoBox esriExtentType="decdegrees"><westBL>-75.283955</westBL><eastBL>-74.954103</eastBL><northBL>40.143718</northBL><southBL>39.865001</southBL><exTypeCode>1</exTypeCode></geoBox><dataExt><geoEle><GeoBndBox esriExtentType="search"><exTypeCode>1</exTypeCode><westBL>-75.283955</westBL><eastBL>-74.954103</eastBL><northBL>40.143718</northBL><southBL>39.865001</southBL></GeoBndBox></geoEle></dataExt><idPurp>Boundaries of the City of Philadelphia Zoning Base Districts enacted December 15, 2011 and made effective August 22, 2012.

Data last updated June 18, 2012.
Metadata updated July 19, 2012.
</idPurp><idAbs>&lt;DIV STYLE="text-align:Left;"&gt;&lt;P STYLE="margin:0 0 0 0;"&gt;&lt;SPAN&gt;&lt;SPAN&gt;Polygon boundaries of Zoning Base Districts based on existing City zoning districts with revised codes applied per enactment of the new Zoning Code of December 2011, made effective August 22, 2012. District boundaries unchanged from previous zoning with the exception of certain CMX2 / CMX2.5 splits.&lt;/SPAN&gt;&lt;/SPAN&gt;&lt;/P&gt;&lt;P /&gt;&lt;P STYLE="margin:0 0 0 0;"&gt;&lt;SPAN&gt;&lt;SPAN&gt;CODE – Zoning code&lt;/SPAN&gt;&lt;/SPAN&gt;&lt;/P&gt;&lt;P STYLE="margin:0 0 0 0;"&gt;&lt;SPAN&gt;&lt;SPAN&gt;ZONING GROUP – groups of codes identified by common descriptions (e.g., residential, commercial, industrial)&lt;/SPAN&gt;&lt;/SPAN&gt;&lt;/P&gt;&lt;P /&gt;&lt;P STYLE="margin:0 0 0 0;"&gt;&lt;SPAN&gt;&lt;SPAN&gt;DATA DEVELOPMENT:&lt;/SPAN&gt;&lt;/SPAN&gt;&lt;/P&gt;&lt;P STYLE="margin:0 0 0 0;"&gt;&lt;SPAN&gt;&lt;SPAN&gt;Features produced in ArcGIS Desktop using PA South Stateplane coordinates, NAD83, US Foot.&lt;/SPAN&gt;&lt;/SPAN&gt;&lt;/P&gt;&lt;DIV&gt;&lt;P&gt;&lt;SPAN /&gt;&lt;/P&gt;&lt;/DIV&gt;&lt;/DIV&gt;</idAbs><idCredit>Philadelphia City Planning Commission
1515 Arch Street, 13 Fl
Philadelphia, PA  19102-1583
215-683-4615</idCredit><searchKeys><keyword>Zoning</keyword><keyword>base districts</keyword><keyword>Philadelphia</keyword><keyword>PCPC</keyword><keyword>planning</keyword></searchKeys></dataIdInfo><mdLang><languageCode value="en"/><countryCode value="US"/></mdLang><mdStanName>ISO 19115 Geographic Information - Metadata</mdStanName><mdStanVer>DIS_ESRI1.0</mdStanVer><mdChar><CharSetCd value="006"/></mdChar><mdHrLv><ScopeCd value="005"/></mdHrLv><mdHrLvName>dataset</mdHrLvName><distInfo><distributor><distorTran><onLineSrc><orDesc>002</orDesc><linkage>file://\\pcpcsrv.pcpc.gov\gisshare\latest\shapes\ZCC\ZCCdraftbase.gdb</linkage><protocol>Local Area Network</protocol></onLineSrc></distorTran><distorFormat><formatName>File Geodatabase Feature Class</formatName></distorFormat></distributor><distFormat><formatName>SDE Feature Class</formatName></distFormat><distTranOps><transSize Sync="TRUE">21.547</transSize></distTranOps></distInfo><refSysInfo><RefSystem><refSysID><identCode value="2272">NAD_1983_StatePlane_Pennsylvania_South_FIPS_3702_Feet</identCode><idCodeSpace>EPSG</idCodeSpace><idVersion>7.4.1</idVersion></refSysID></RefSystem></refSysInfo><spatRepInfo><VectSpatRep><geometObjs Name="Zoning_BaseDistricts"><geoObjTyp><GeoObjTypCd value="002" Sync="TRUE"></GeoObjTypCd></geoObjTyp><geoObjCnt Sync="TRUE">29403</geoObjCnt></geometObjs><topLvl><TopoLevCd value="001" Sync="TRUE"></TopoLevCd></topLvl></VectSpatRep></spatRepInfo><mdDateSt>20120719</mdDateSt><Esri><DataProperties><itemProps><itemName Sync="TRUE">Zoning_BaseDistricts</itemName><imsContentType Sync="TRUE">002</imsContentType><nativeExtBox><westBL Sync="TRUE">2660596.805037</westBL><eastBL Sync="TRUE">2750095.750055</eastBL><southBL Sync="TRUE">206003.800187</southBL><northBL Sync="TRUE">304914.374019</northBL><exTypeCode Sync="TRUE">1</exTypeCode></nativeExtBox><itemSize Sync="TRUE">21.547</itemSize><itemLocation><linkage Sync="TRUE">file://\\ALCES\D$\DATA\Philly\Zoning_BaseDistricts.shp</linkage><protocol Sync="TRUE">Local Area Network</protocol></itemLocation></itemProps><coordRef><type Sync="TRUE">Projected</type><geogcsn Sync="TRUE">GCS_North_American_1983</geogcsn><csUnits Sync="TRUE">Linear Unit: Foot_US (0.304801)</csUnits><projcsn Sync="TRUE">NAD_1983_StatePlane_Pennsylvania_South_FIPS_3702_Feet</projcsn><peXml Sync="TRUE">&lt;ProjectedCoordinateSystem xsi:type='typens:ProjectedCoordinateSystem' xmlns:xsi='http://www.w3.org/2001/XMLSchema-instance' xmlns:xs='http://www.w3.org/2001/XMLSchema' xmlns:typens='http://www.esri.com/schemas/ArcGIS/10.0'&gt;&lt;WKT&gt;PROJCS[&amp;quot;NAD_1983_StatePlane_Pennsylvania_South_FIPS_3702_Feet&amp;quot;,GEOGCS[&amp;quot;GCS_North_American_1983&amp;quot;,DATUM[&amp;quot;D_North_American_1983&amp;quot;,SPHEROID[&amp;quot;GRS_1980&amp;quot;,6378137.0,298.257222101]],PRIMEM[&amp;quot;Greenwich&amp;quot;,0.0],UNIT[&amp;quot;Degree&amp;quot;,0.0174532925199433]],PROJECTION[&amp;quot;Lambert_Conformal_Conic&amp;quot;],PARAMETER[&amp;quot;False_Easting&amp;quot;,1968500.0],PARAMETER[&amp;quot;False_Northing&amp;quot;,0.0],PARAMETER[&amp;quot;Central_Meridian&amp;quot;,-77.75],PARAMETER[&amp;quot;Standard_Parallel_1&amp;quot;,39.93333333333333],PARAMETER[&amp;quot;Standard_Parallel_2&amp;quot;,40.96666666666667],PARAMETER[&amp;quot;Latitude_Of_Origin&amp;quot;,39.33333333333334],UNIT[&amp;quot;Foot_US&amp;quot;,0.3048006096012192],AUTHORITY[&amp;quot;EPSG&amp;quot;,2272]]&lt;/WKT&gt;&lt;XOrigin&gt;-119214200&lt;/XOrigin&gt;&lt;YOrigin&gt;-96198500&lt;/YOrigin&gt;&lt;XYScale&gt;37163717.489134133&lt;/XYScale&gt;&lt;ZOrigin&gt;-100000&lt;/ZOrigin&gt;&lt;ZScale&gt;10000&lt;/ZScale&gt;&lt;MOrigin&gt;-100000&lt;/MOrigin&gt;&lt;MScale&gt;10000&lt;/MScale&gt;&lt;XYTolerance&gt;0.0032808333333333335&lt;/XYTolerance&gt;&lt;ZTolerance&gt;0.001&lt;/ZTolerance&gt;&lt;MTolerance&gt;0.001&lt;/MTolerance&gt;&lt;HighPrecision&gt;true&lt;/HighPrecision&gt;&lt;WKID&gt;2272&lt;/WKID&gt;&lt;/ProjectedCoordinateSystem&gt;</peXml></coordRef></DataProperties><SyncDate>20120821</SyncDate><SyncTime>10524600</SyncTime><ModDate>20120821</ModDate><ModTime>10524600</ModTime></Esri></metadata>
